moose_id_barcode,hunter_mortality_source,tick_count,hide_size(cm3),date_killed,gmu,sex,include/exclude
21005370,H,0,100,9/16/2020,1,MALE,1
21005396,H,21,100,10/14/2020,1,MALE,1
21005452,H,0,100,10/5/2020,1,MALE,1
21005506,H,9,100,11/11/2020,1,MALE,1
21005526,H,34,100,11/22/2020,1,MALE,1
21005538,H,1,100,11/5/2020,1,MALE,0
21005546,H,1,100,11/22/2020,1,MALE,1
21005550,H,0,16,11/6/2020,1,MALE,1
21005573,H,6,100,11/22/2020,1,MALE,1
21005591,H,3,100,10/3/2020,1,MALE,1
21005596,H,9,100,10/4/2020,1,MALE,1
21005599,H,0,100,10/4/2020,1,MALE,1
21005744,H,34,100,11/1/2020,1,MALE,1
21005747,H,0,100,10/25/2020,1,MALE,1
21005770,H,2,42.25,10/7/2020,1,MALE,1
21005559,H,0,100,11/29/2020,1,MALE,1
18000911,H,179,100,11/14/2021,1,MALE,1
20005037,H,10,100,11/5/2021,1,MALE,1
21005465,H,61,100,10/7/2021,1,MALE,1
22005173,H,3,100,10/8/2021,1,MALE,1
22005192,H,130,100,10/15/2021,1,MALE,1
22005215,H,0,100,10/12/2021,1,MALE,1
22005385,H,0,100,10/4/2021,1,MALE,0
22005409,H,1,100,10/3/2021,1,MALE,0
22005410,H,0,100,10/3/2021,1,MALE,1
22005412,H,0,100,9/16/2021,1,MALE,0
22005427,H,2,100,9/26/2021,1,MALE,0
21005257,H,19,100,10/6/2020,2,MALE,1
21005501,H,5,100,10/1/2020,2,MALE,1
21005505,H,43,36,10/4/2020,2,MALE,1
21005507,H,58,100,11/6/2020,2,MALE,1
21005515,H,7,100,11/5/2020,2,FEMALE,1
21005553,H,139,100,11/3/2020,2,MALE,1
21005554,H,7,100,11/9/2020,2,MALE,1
21005557,H,31,100,11/6/2020,2,MALE,1
21005562,H,130,100,11/11/2020,2,MALE,1
21005570,H,0,100,9/19/2020,2,MALE,1
21005595,H,8,100,10/2/2020,2,MALE,1
21005628,H,2,100,10/4/2020,2,MALE,1
21005633,H,0,100,10/19/2020,2,MALE,1
21005636,H,43,100,10/17/2020,2,MALE,1
21005737,H,71,100,11/1/2020,2,MALE,1
21005754,H,40,100,11/1/2020,2,MALE,1
21005767,H,0,100,11/2/2020,2,MALE,1
21005567,H,26,100,10/21/2020,2,MALE,1
22005152,H,0,100,10/8/2021,2,MALE,0
22005166,H,160,100,10/2/2021,2,MALE,1
22005194,H,78,100,11/7/2021,2,MALE,1
22005265,H,7,100,9/16/2021,2,MALE,1
22005378,H,20,100,11/2/2021,2,MALE,0
22005389,H,5,100,10/7/2021,2,MALE,1
22005400,H,15,100,10/3/2021,2,MALE,1
22005402,H,33,100,10/6/2021,2,MALE,1
22005403,H,6,100,10/6/2021,2,MALE,1
22005407,H,48,100,9/21/2021,2,MALE,1
22005411,H,11,100,10/5/2021,2,MALE,1
22005413,H,43,100,10/3/2021,2,MALE,1
22005418,H,2,100,10/4/2021,2,MALE,0
22005421,H,206,100,10/5/2021,2,MALE,1
22005423,H,6,100,10/2/2021,2,MALE,1
22005428,H,4,100,10/2/2021,2,MALE,1
22005566,H,34,100,11/1/2021,2,MALE,1
22005567,H,108,100,11/2/2021,2,MALE,1
21005228,H,0,100,9/20/2020,3,MALE,1
21005288,H,0,72.25,10/14/2020,3,MALE,1
21005561,H,3,100,11/14/2020,3,MALE,1
21005572,H,0,100,9/23/2020,3,MALE,1
21005578,H,0,100,9/27/2020,3,MALE,1
21005592,H,0,100,10/2/2020,3,MALE,1
21005604,H,0,100,10/3/2020,3,MALE,0
21005724,H,9,100,11/4/2020,3,MALE,1
21005743,H,96,100,11/3/2020,3,MALE,1
21005540,H,20,100,11/6/2021,3,MALE,1
22005151,H,14,100,10/8/2021,3,MALE,1
22005164,H,62,100,10/2/2021,3,MALE,1
22005171,H,201,100,11/7/2021,3,MALE,1
22005214,H,0,100,10/15/2021,3,MALE,0
22005219,H,126,100,11/1/2021,3,MALE,1
22005393,H,1,100,10/9/2021,3,MALE,1
22005405,H,23,100,10/11/2021,3,MALE,1
22005422,H,16,100,10/5/2021,3,MALE,1
22005432,H,1,100,9/19/2021,3,MALE,1
21005203,H,1,100,10/7/2020,4,MALE,1
21005304,H,2,100,10/11/2020,4,MALE,1
21005309,H,1,100,10/8/2020,4,MALE,1
21005354,H,0,100,9/19/2020,4,MALE,1
21005510,H,1,100,9/14/2020,4,MALE,1
21005511,H,4,100,10/3/2020,4,MALE,1
21005575,H,0,100,9/26/2020,4,MALE,1
21005649,H,0,100,10/17/2020,4,MALE,0
21005756,H,68,100,11/1/2020,4,MALE,1
21005780,H,7,100,10/28/2020,4,MALE,1
22005246,H,5,100,11/25/2020,4,MALE,1
18000915,H,92,100,11/3/2021,4,MALE,1
22005154,H,28,100,10/3/2021,4,MALE,1
22005158,H,118,100,11/4/2021,4,MALE,1
22005172,H,31,100,10/7/2021,4,MALE,1
22005174,H,9,100,9/26/2021,4,MALE,1
22005184,H,92,100,11/1/2021,4,MALE,1
22005217,H,12,100,11/10/2021,4,MALE,1
22005381,H,30,100,10/5/2021,4,MALE,1
22005394,H,6,100,10/4/2021,4,MALE,1
22005395,H,1,100,9/17/2021,4,MALE,0
22005399,H,7,100,10/3/2021,4,MALE,1
22005426,H,18,100,10/3/2021,4,MALE,1
22005434,H,4,100,9/18/2021,4,MALE,1
21005395,H,6,100,10/13/2020,5,MALE,0
21005541,H,7,100,11/1/2020,5,MALE,1
21005571,H,12,25,11/14/2020,5,MALE,1
21005580,H,1,100,10/1/2020,5,MALE,1
21005707,H,2,100,11/8/2020,5,MALE,1
21005749,H,14,100,10/23/2020,5,MALE,1
21005752,H,5,100,10/25/2020,5,MALE,1
21005551,H,26,100,11/27/2020,5,MALE,1
21005508,H,15,100,11/3/2021,5,MALE,1
21005560,H,28,100,11/11/2021,5,MALE,1
22005186,H,2,85,10/3/2021,5,MALE,1
22005220,H,147,100,11/7/2021,5,MALE,1
22005282,H,3,100,10/2/2021,5,MALE,1
22005383,H,12,100,10/5/2021,5,MALE,1
22005386,H,0,100,10/4/2021,5,MALE,1
22005415,H,0,100,9/26/2021,5,MALE,1
22005419,H,1,100,9/23/2021,5,MALE,1
22005425,H,11,100,9/29/2021,5,MALE,1
21005216,H,0,100,9/23/2020,6,MALE,1
21005276,H,1,100,10/5/2020,6,MALE,0
21005287,H,2,100,10/12/2020,6,MALE,1
21005293,H,10,100,10/16/2020,6,MALE,0
21005308,H,5,100,10/5/2020,6,MALE,1
21005340,H,76,100,11/5/2020,6,MALE,1
21005397,H,0,100,10/10/2020,6,MALE,1
21005534,H,0,100,11/2/2020,6,MALE,1
21005566,H,0,16,11/7/2020,6,MALE,1
21005645,H,0,100,10/3/2020,6,MALE,1
21005503,H,19,100,10/30/2021,6,MALE,1
22005161,H,0,100,10/12/2021,6,MALE,0
22005195,H,6,100,10/1/2021,6,MALE,1
22005232,H,28,100,10/24/2021,6,MALE,1
22005234,H,8,100,11/3/2021,6,MALE,1
22005301,H,33,100,11/1/2021,6,MALE,1
22005388,H,0,100,10/6/2021,6,MALE,1
22005391,H,0,100,10/24/2021,6,MALE,0
22005408,H,125,100,10/25/2021,6,MALE,1
22005414,H,15,100,10/1/2021,6,MALE,1
22005417,H,0,100,9/21/2021,6,MALE,1
22005568,H,20,100,11/1/2021,6,MALE,1
21005202,H,0,100,10/2/2020,7,MALE,1
21005303,H,1,100,10/7/2020,7,MALE,1
21005398,H,9,100,10/15/2020,7,MALE,1
22005370,H,32,100,10/2/2021,7,MALE,1
22005424,H,116,100,10/7/2021,7,MALE,1
22005430,H,6,100,9/18/2021,7,MALE,1
22005218,H,2,100,10/31/2021,7,MALE,1
21005376,H,43,100,10/3/2020,9,MALE,1
21005536,H,0,100,11/2/2020,9,MALE,0
21005545,H,3,100,10/2/2020,9,MALE,1
20005192,H,23,100,10/4/2021,9,MALE,1
20005199,H,23,100,11/13/2021,9,MALE,1
21005569,H,1,100,9/21/2020,4A,MALE,1
21005576,H,0,100,9/24/2020,4A,MALE,1
21005594,H,0,100,9/24/2020,4A,MALE,1
22005384,H,0,100,9/23/2021,4A,MALE,1
22005396,H,1,100,10/2/2021,4A,MALE,1
22005446,H,14,100,11/18/2021,4A,MALE,1
21005297,H,4,100,10/3/2020,8,MALE,1
21005329,H,13,100,10/31/2020,8,MALE,1
21005332,H,146,100,11/7/2020,8,MALE,1
21005336,H,39,100,11/16/2020,8,MALE,1
21005342,H,7,100,10/3/2020,8,MALE,1
21005351,H,4,100,10/10/2020,8,MALE,1
22005280,H,1,100,10/1/2021,8,MALE,1
22005283,H,4,100,10/4/2021,8,MALE,1
22005285,H,1,100,10/8/2021,8,MALE,0
21005224,H,0,100,9/29/2020,10,MALE,1
21005238,H,0,100,10/18/2020,10,MALE,1
21005294,H,0,100,11/19/2020,10,MALE,0
21005295,H,0,100,9/29/2020,10,MALE,1
21005463,H,0,100,9/19/2020,10,MALE,1
21005220,H,0,100,10/25/2020,10,MALE,1
22005256,H,0,100,10/7/2021,10,MALE,1
22005284,H,0,100,10/12/2021,10,MALE,1
22005302,H,4,64,9/23/2021,10,MALE,1
22005344,H,65,100,11/8/2021,10,MALE,1
22005345,H,5,42.25,10/6/2021,10,MALE,1
22005347,H,0,100,10/4/2021,10,MALE,1
22005487,H,13,100,11/9/2021,10,MALE,1
22005500,H,7,100,10/12/2021,10,MALE,1
22005561,H,1,100,10/19/2021,10,MALE,1
20005415,H,0,12.25,10/9/2020,12,MALE,0
20005661,H,0,100,9/20/2020,12,MALE,0
21005218,H,0,100,9/29/2020,12,MALE,1
21005441,H,0,100,10/5/2020,12,MALE,1
21005464,H,1,100,10/4/2021,12,MALE,1
22005167,H,1,100,9/16/2021,12,MALE,1
22005281,H,1,100,10/16/2021,12,MALE,0
22005336,H,0,100,9/23/2021,12,MALE,1
22005548,H,0,100,10/13/2021,12,MALE,0
20005657,H,0,100,9/23/2020,14,MALE,1
21005204,H,0,100,10/1/2020,14,MALE,1
21005460,H,0,100,9/21/2020,14,MALE,1
21005644,H,0,100,9/25/2020,14,MALE,1
22005261,H,0,100,9/27/2021,14,MALE,1
22005268,H,0,100,9/5/2021,14,MALE,1
21005206,H,5,100,10/26/2020,10A,MALE,1
21005209,H,8,100,10/30/2020,10A,MALE,1
21005210,H,1,49,10/18/2020,10A,MALE,0
21005213,H,0,100,9/26/2020,10A,MALE,1
21005217,H,2,100,9/9/2020,10A,MALE,1
21005225,H,0,100,9/3/2020,10A,MALE,1
21005227,H,0,100,8/30/2020,10A,MALE,1
21005289,H,0,100,9/3/2020,10A,MALE,1
21005292,H,2,100,10/17/2020,10A,MALE,1
21005339,H,0,100,10/6/2020,10A,MALE,1
21005456,H,0,100,10/7/2020,10A,MALE,1
21005648,H,16,100,10/13/2020,10A,MALE,1
21005750,H,0,100,10/23/2020,10A,MALE,0
22005229,H,3,56.25,10/3/2021,10A,MALE,1
22005257,H,6,100,10/3/2021,10A,MALE,1
22005258,H,12,100,10/7/2021,10A,MALE,1
22005259,H,0,100,10/15/2021,10A,MALE,0
22005263,H,1,100,9/24/2021,10A,MALE,1
22005267,H,33,100,10/9/2021,10A,MALE,1
22005269,H,0,100,9/11/2021,10A,MALE,0
22005274,H,4,100,10/3/2021,10A,MALE,1
22005277,H,2,100,9/30/2021,10A,MALE,1
22005279,H,0,100,9/25/2021,10A,MALE,1
22005298,H,7,100,10/15/2021,10A,MALE,1
22005300,H,89,100,11/22/2021,10A,MALE,1
21005266,H,3,100,10/2/2020,8A,MALE,1
21005328,H,3,100,11/17/2020,8A,MALE,1
21005330,H,9,100,11/5/2020,8A,MALE,1
21005751,H,0,100,10/25/2020,8A,MALE,1
22005304,H,3,100,9/29/2021,8A,MALE,1
22005311,H,14,100,11/13/2021,8A,MALE,1
22005312,H,37,100,10/22/2021,8A,MALE,1
22005382,H,6,100,10/5/2021,8A,MALE,1
20005431,H,0,100,9/12/2020,27,MALE,1
20005409,H,9,100,10/1/2020,29,MALE,1
20005412,H,30,100,11/21/2020,29,MALE,1
20005432,H,0,100,10/11/2020,29,MALE,0
20005545,H,2,100,10/17/2020,29,MALE,2
21005461,H,1,100,9/26/2020,29,MALE,1
21005485,H,3,100,10/19/2020,29,MALE,2
21005488,H,72,100,10/1/2020,29,MALE,1
21005491,H,0,100,10/13/2020,29,MALE,1
21005607,H,0,100,8/30/2020,29,MALE,1
22005028,H,28,100,9/30/2021,29,MALE,1
22005323,H,1,100,9/14/2021,29,MALE,1
22005334,H,17,100,9/27/2021,29,MALE,1
21005444,H,0,100,9/27/2020,30A,MALE,1
21005450,H,0,100,10/11/2020,36A,MALE,1
22005372,H,20,100,9/11/2021,36A,MALE,1
20005210,H,0,33,10/13/2021,24,FEMALE,0
21005174,H,7,100,11/12/2021,45,MALE,1
21005446,H,14,100,11/15/2021,45,MALE,1
21005493,H,6,100,10/2/2021,48,MALE,1
21005357,H,8,100,10/1/2020,49,MALE,1
21005401,H,16,100,9/27/2020,54,MALE,1
21005402,H,0,100,9/6/2020,54,MALE,0
21005475,H,0,100,9/2/2020,54,MALE,1
20001739,H,14,100,11/8/2021,54,MALE,1
20008525,H,20,100,10/21/2021,54,MALE,1
22005307,H,3,100,10/3/2021,54,MALE,1
22005320,H,10,100,8/30/2021,54,MALE,1
22005321,H,1,100,9/1/2021,54,MALE,1
22005322,H,3,100,9/1/2021,54,MALE,1
22005340,H,54,100,10/2/2021,54,MALE,1
21005710,H,45,100,10/28/2020,55,MALE,1
20008516,H,32,100,11/14/2021,55,MALE,1
22005040,H,148,100,11/6/2021,55,MALE,1
21005254,H,0,100,9/28/2020,56,MALE,1
21005472,H,1,100,9/7/2020,56,MALE,1
21005473,H,0,100,8/30/2020,56,MALE,1
22005314,H,1,100,9/5/2021,56,MALE,1
22005318,H,7,100,9/23/2021,56,MALE,1
20005420,H,1,100,10/17/2020,50,FEMALE,2
21005164,H,2,100,10/16/2020,50,MALE,1
21005333,H,2,100,10/3/2020,50,MALE,1
21005471,H,2,100,10/4/2020,50,MALE,1
21005512,H,2,100,10/18/2020,50,FEMALE,1
21005711,H,3,100,10/19/2020,50,FEMALE,1
TS2577,H,0,56.25,11/7/2020,50,MALE,1
22005319,H,0,100,9/18/2021,50,MALE,0
21005443,H,0,56.25,8/31/2020,51,MALE,1
21005626,H,0,100,9/25/2020,51,MALE,1
21005774,H,0,100,11/21/2020,51,MALE,1
22005204,H,4,100,9/29/2021,51,MALE,1
22005313,H,0,100,9/28/2021,51,MALE,1
22005506,H,3,100,10/5/2021,51,MALE,1
21005188,H,29,100,10/21/2020,59,MALE,1
21005414,H,32,100,10/17/2020,59,MALE,1
21005531,H,29,100,10/14/2020,59,MALE,1
20005215,H,47,100,11/20/2021,59,MALE,1
21005379,H,0,100,10/1/2020,60,MALE,1
21005421,H,0,42.25,9/18/2020,60,MALE,0
21005433,H,11,100,9/30/2020,60,MALE,1
21005524,H,3,72.25,10/1/2020,60,MALE,1
21005527,H,3,100,10/16/2020,60,FEMALE,1
21005606,H,48,100,10/20/2020,60,FEMALE,1
21005615,H,0,100,8/31/2020,60,MALE,1
21005646,H,43,100,10/23/2020,60,MALE,1
21005725,H,213,100,10/24/2020,60,MALE,1
21005768,H,56,100,11/14/2020,60,MALE,1
22005397,H,23,100,10/7/2021,60,MALE,1
22005457,H,60,100,10/5/2021,60,MALE,1
22005470,H,113,100,11/15/2021,60,MALE,1
22005477,H,3,100,10/12/2021,60,MALE,1
22005478,H,79,100,10/16/2021,60,MALE,1
22005496,H,142,100,11/12/2021,60,MALE,1
21005002,H,116,100,10/10/2020,61,MALE,1
21005335,H,10,100,10/9/2020,61,MALE,1
21005406,H,9,100,10/9/2020,61,MALE,1
21005458,H,0,30.25,9/18/2020,61,MALE,1
21005459,H,0,100,9/20/2020,61,MALE,0
21005476,H,0,100,9/21/2020,61,MALE,1
21005480,H,8,100,9/30/2020,61,MALE,1
21005500,H,147,100,10/27/2020,61,MALE,1
21005532,H,0,100,10/3/2020,61,MALE,1
21005616,H,0,100,9/25/2020,61,MALE,0
21005620,H,3,100,9/27/2020,61,MALE,1
21005627,H,4,100,9/24/2020,61,MALE,1
22005179,H,10,100,11/4/2021,61,MALE,1
22005183,H,6,100,9/20/2021,61,MALE,1
22005206,H,7,100,9/25/2021,61,MALE,1
22005224,H,0,100,10/16/2021,61,MALE,1
22005337,H,0,100,8/31/2021,61,MALE,0
22005362,H,0,100,9/18/2021,61,MALE,0
22005373,H,0,100,9/26/2021,61,MALE,1
22005448,H,0,100,10/6/2021,61,MALE,1
22005462,H,50,100,11/8/2021,61,MALE,1
22005468,H,13,100,10/5/2021,61,MALE,1
22005469,H,53,100,11/13/2021,61,MALE,1
22005482,H,125,100,10/7/2021,61,MALE,1
22005491,H,53,100,11/7/2021,61,MALE,1
21005062,H,0,42.25,9/27/2020,62,MALE,1
21005377,H,5,42.25,10/5/2020,62,MALE,1
21005445,H,9,100,10/23/2020,62,MALE,1
21005625,H,14,100,9/28/2020,62,MALE,1
21005753,H,10,100,10/30/2020,62,MALE,1
20005139,H,0,100,9/3/2021,62,MALE,1
22005429,H,1,100,10/3/2021,62,MALE,1
21005423,H,7,100,10/2/2020,63,MALE,1
21005375,H,13,100,10/6/2020,64,MALE,1
21005430,H,7,100,10/13/2020,64,MALE,1
21005449,H,28,72.25,10/17/2020,64,FEMALE,1
21005451,H,9,100,10/2/2020,64,MALE,1
21005624,H,0,100,9/26/2020,64,MALE,1
21005742,H,4,100,10/23/2020,64,MALE,1
22005157,H,0,36,9/22/2021,64,MALE,1
22005241,H,0,100,9/12/2021,64,MALE,1
22005431,H,3,30.25,10/24/2021,64,MALE,1
22005493,H,4,42.25,10/27/2021,64,MALE,1
22005495,H,26,100,10/19/2021,64,MALE,1
22005513,H,0,100,9/29/2021,64,MALE,0
22005519,H,55,100,11/22/2021,64,MALE,1
22005529,H,63,100,10/3/2021,64,MALE,1
21005324,H,0,100,8/31/2020,65,MALE,1
21005372,H,2,100,10/2/2020,65,MALE,0
21005378,H,3,100,10/4/2020,65,MALE,1
21005384,H,0,100,10/10/2020,65,MALE,0
21005432,H,4,100,10/2/2020,65,MALE,1
21005453,H,21,100,9/30/2020,65,MALE,1
21005495,H,11,100,10/15/2020,65,FEMALE,1
21005587,H,0,100,10/14/2020,65,UNKNOWN,1
22005360,H,3,100,9/16/2021,65,MALE,1
22005480,H,7,55,10/20/2021,65,MALE,1
22005486,H,200,100,10/29/2021,65,MALE,1
22005494,H,31,100,10/10/2021,65,MALE,1
21005407,H,39,100,10/8/2020,66,MALE,1
21005413,H,85,100,10/16/2020,66,MALE,1
21005431,H,0,100,9/24/2020,66,MALE,1
21005440,H,0,100,9/6/2020,66,MALE,2
21005454,H,0,49,10/3/2020,66,MALE,0
21005602,H,0,100,9/26/2020,66,MALE,1
21005610,H,3,100,9/25/2020,66,MALE,1
21005618,H,1,100,9/28/2020,66,MALE,1
21005640,H,59,100,11/4/2020,66,MALE,1
21005740,H,15,100,10/25/2020,66,MALE,1
21005469,H,3,100,10/3/2021,66,MALE,0
21005498,H,25,100,11/6/2021,66,MALE,1
22005165,H,80,100,9/24/2021,66,MALE,1
22005198,H,1,100,9/8/2021,66,MALE,1
22005203,H,33,100,10/8/2021,66,MALE,1
22005235,H,8,100,9/27/2021,66,MALE,1
22005499,H,129,64,10/18/2021,66,MALE,1
22005563,H,17,100,10/23/2021,66,MALE,1
21005359,H,3,100,10/15/2020,67,MALE,1
21005381,H,1,100,10/9/2020,67,MALE,1
21005382,H,0,100,9/29/2020,67,MALE,0
21005390,H,0,100,10/18/2020,67,FEMALE,0
21005409,H,7,64,10/17/2020,67,MALE,1
21005412,H,40,100,10/13/2020,67,MALE,1
21005416,H,7,100,10/18/2020,67,MALE,1
21005422,H,2,100,10/15/2020,67,FEMALE,1
21005492,H,12,100,10/31/2020,67,MALE,1
21005520,H,54,100,10/16/2020,67,FEMALE,1
21005584,H,10,100,9/28/2020,67,MALE,1
21005755,H,3,100,11/4/2020,67,MALE,1
21005466,H,70,100,10/21/2021,67,MALE,1
21005496,H,0,100,10/7/2021,67,MALE,1
22005226,H,12,100,10/9/2021,67,MALE,1
22005227,H,2,100,10/1/2021,67,MALE,1
22005359,H,2,100,9/9/2021,67,MALE,1
22005368,H,7,100,9/26/2021,67,MALE,1
22005474,H,82,100,11/23/2021,67,MALE,1
22005507,H,58,100,10/3/2021,67,MALE,1
22005522,H,1,100,9/28/2021,67,MALE,1
21005173,H,3,100,10/20/2020,69,MALE,1
21005187,H,1,100,10/11/2020,69,MALE,1
21005373,H,2,25,10/14/2020,69,MALE,1
21005386,H,30,100,10/11/2020,69,MALE,1
21005387,H,30,72.25,10/16/2020,69,MALE,1
21005391,H,0,100,9/9/2020,69,MALE,1
21005404,H,411,100,10/23/2020,69,MALE,1
21005415,H,1,100,10/16/2020,69,FEMALE,1
21005428,H,2,100,9/22/2020,69,MALE,1
21005513,H,0,100,10/9/2020,69,MALE,1
21005528,H,1,100,10/18/2020,69,FEMALE,1
21005568,H,14,100,11/4/2020,69,MALE,1
21005586,H,0,100,9/16/2020,69,MALE,1
21005608,H,0,100,9/27/2020,69,MALE,0
21005614,H,0,100,9/21/2020,69,MALE,1
21005621,H,1,100,9/25/2020,69,MALE,1
21005714,H,2,100,10/24/2020,69,MALE,1
21005720,H,37,100,10/28/2020,69,MALE,1
21005766,H,21,100,11/21/2020,69,MALE,1
21005778,H,34,64,10/24/2020,69,FEMALE,1
21005581,H,27,100,10/16/2021,69,MALE,1
22005178,H,14,100,9/24/2021,69,MALE,1
22005190,H,0,100,9/20/2021,69,MALE,1
22005196,H,0,100,9/26/2021,69,MALE,1
22005199,H,88,100,9/26/2021,69,MALE,1
22005245,H,2,100,10/3/2021,69,MALE,1
22005253,H,90,100,10/21/2021,69,MALE,1
22005357,H,0,100,9/20/2021,69,MALE,1
22005365,H,1,100,9/19/2021,69,MALE,1
22005367,H,2,100,9/16/2021,69,MALE,1
22005376,H,0,100,9/3/2021,69,MALE,0
22005387,H,54,100,11/6/2021,69,MALE,1
22005466,H,46,100,10/10/2021,69,MALE,1
22005475,H,180,100,10/18/2021,69,MALE,1
22005479,H,45,100,10/15/2021,69,MALE,1
22005484,H,16,100,10/13/2021,69,MALE,1
22005488,H,70,56,10/20/2021,69,MALE,1
22005489,H,3,100,11/13/2021,69,MALE,1
22005498,H,21,100,10/31/2021,69,MALE,1
22005511,H,120,100,10/29/2021,69,MALE,1
22005521,H,4,100,10/30/2021,69,MALE,1
22005371,H,1,100,9/30/2021,59A,MALE,1
22005374,H,1,100,9/29/2021,59A,MALE,1
21005436,H,0,100,9/30/2020,60A,MALE,1
21005455,H,8,100,10/3/2020,60A,MALE,1
21005639,H,153,100,11/23/2020,60A,MALE,1
22005528,H,2,100,10/1/2021,60A,MALE,1
22005550,H,3,100,11/6/2021,60A,MALE,0
21005074,H,0,100,10/10/2020,62A,MALE,0
22005222,H,3,100,9/18/2021,62A,MALE,1
22005361,H,0,100,9/1/2021,62A,MALE,1
21005383,H,5,100,11/7/2020,63A,FEMALE,1
21005418,H,74,100,10/3/2020,63A,MALE,1
21005420,H,2,100,9/20/2020,63A,MALE,1
21005425,H,3,100,9/22/2020,63A,MALE,1
21005429,H,0,100,9/19/2020,63A,MALE,0
21005462,H,0,100,9/12/2020,63A,MALE,1
21005519,H,4,100,11/21/2020,63A,MALE,1
21005530,H,31,100,10/1/2020,63A,MALE,1
21005544,H,27,100,10/15/2020,63A,FEMALE,1
21005583,H,12,100,10/7/2020,63A,MALE,1
21005748,H,9,100,11/22/2020,63A,FEMALE,1
22005155,H,0,100,9/23/2021,63A,MALE,0
22005305,H,2,100,10/11/2021,63A,MALE,0
22005485,H,23,100,11/10/2021,63A,MALE,1
22005515,H,0,100,9/27/2021,63A,MALE,0
21005261,H,2,100,10/16/2020,70,MALE,1
21005313,H,215,100,10/15/2020,70,MALE,1
21005319,H,0,100,9/12/2020,70,MALE,1
21005368,H,12,100,10/15/2020,70,FEMALE,1
22005200,H,2,100,9/20/2021,70,MALE,1
22005242,H,1,9,10/2/2021,70,MALE,1
22005353,H,26,100,10/17/2021,70,MALE,1
21005259,H,0,100,10/23/2020,71,FEMALE,1
21005312,H,0,100,10/15/2020,71,FEMALE,1
21005369,H,50,100,10/15/2020,71,MALE,1
22005205,H,0,100,10/2/2021,71,MALE,0
22005254,H,9,100,10/18/2021,71,MALE,1
22005354,H,26,100,10/18/2021,71,MALE,1
21005250,H,43,100,10/18/2020,72,MALE,1
21005253,H,22,100,10/12/2020,72,MALE,1
21005264,H,1,49,10/4/2020,72,MALE,1
22005250,H,22,100,10/5/2021,72,MALE,1
22005565,H,30,100,11/15/2021,72,MALE,1
21005270,H,1,100,9/11/2020,73,MALE,1
21005278,H,0,100,9/27/2020,73,MALE,1
21005311,H,15,100,10/25/2020,73,MALE,1
21005316,H,0,100,10/15/2020,73,FEMALE,1
21005318,H,0,100,9/10/2020,73,MALE,1
22005201,H,18,100,9/29/2021,73,MALE,1
22005244,H,0,100,8/30/2021,73,MALE,1
22005348,H,19,100,11/2/2021,73,MALE,1
21005284,H,2,100,10/18/2020,74,MALE,1
21005317,H,4,100,10/1/2020,74,MALE,1
21005442,H,0,100,10/23/2020,74,FEMALE,1
22005249,H,2,100,10/3/2021,74,MALE,1
21005269,H,0,100,10/18/2020,75,MALE,1
21005271,H,0,100,10/16/2020,75,FEMALE,1
20008512,H,0,100,11/5/2021,75,MALE,0
22005188,H,0,100,9/15/2021,75,MALE,1
22005197,H,3,100,9/30/2021,75,MALE,1
20000739,H,2,100,10/10/2020,76,MALE,1
21005172,H,0,100,10/3/2020,76,MALE,1
21005251,H,38,100,10/17/2020,76,MALE,1
21005322,H,0,100,8/30/2020,76,MALE,1
21005356,H,0,100,10/1/2020,76,MALE,1
21005358,H,6,49,10/3/2020,76,MALE,1
21005360,H,0,36,9/30/2020,76,MALE,0
21005448,H,1,100,10/17/2020,76,MALE,1
22005002,H,233,100,11/21/2021,76,MALE,1
22005210,H,0,100,10/17/2021,76,MALE,1
22005225,H,0,30.25,9/30/2021,76,MALE,1
22005237,H,5,100,9/26/2021,76,MALE,1
22005247,H,1,100,10/6/2021,76,MALE,0
22005324,H,0,100,9/18/2021,76,MALE,1
22005355,H,21,100,10/7/2021,76,MALE,1
22005366,H,2,100,9/4/2021,76,MALE,1
22005527,H,22,100,10/28/2021,76,MALE,1
21005118,H,0,100,10/24/2020,77,MALE,1
21005280,H,0,100,10/24/2020,77,MALE,1
21005438,H,0,100,11/3/2020,77,MALE,1
22005379,H,0,100,9/17/2021,77,MALE,1
21005052,H,0,100,10/20/2020,78,MALE,1
21005320,H,0,100,9/17/2020,78,MALE,1
21005321,H,0,100,8/30/2020,78,MALE,1
21005323,H,2,100,9/19/2020,78,MALE,1
21005514,H,5,100,10/17/2020,78,FEMALE,1
22005211,H,1,100,10/5/2021,78,MALE,1
22005230,H,4,100,9/26/2021,78,MALE,0
22005562,H,96,100,10/11/2021,78,MALE,1
21005426,H,1,100,9/24/2020,66A,MALE,1
21005477,H,0,100,9/20/2020,66A,MALE,0
21005611,H,0,56.25,9/26/2020,66A,MALE,1
21005709,H,5,100,10/25/2020,66A,MALE,1
21005719,H,0,100,10/13/2020,66A,MALE,1
22005187,H,3,100,9/12/2021,66A,MALE,0
22005266,H,3,100,9/25/2021,66A,MALE,1
22005356,H,5,100,9/19/2021,66A,MALE,1
22005508,H,3,64,11/1/2021,66A,MALE,0
21005272,H,0,100,9/3/2020,68A,MALE,0
21005299,H,0,100,8/30/2020,68A,MALE,1
21005306,H,2,100,9/16/2020,68A,MALE,1
21005408,H,2,100,10/15/2020,68A,FEMALE,1
22005212,H,0,100,8/30/2021,68A,MALE,1
22005518,H,41,20.25,10/28/2021,68A,MALE,1
20008507,M,0,100,10/13/2021,1,FEMALE,1
21005302,M,5,100,10/7/2020,2,MALE,1
20008544,M,0,100,8/29/2020,6,FEMALE,1
17000548,M,0,49,,28,FEMALE,3
20008510,M,17,100,10/9/2021,54,MALE,1
22005369,M,0,100,9/11/2021,60,MALE,1
21008539,M,23,100,,74,FEMALE,3
20000702,M,6,100,10/14/2020,76,MALE,1
22005473,M,3,100,10/12/2021,63A,MALE,1
20008501,M,0,100,10/26/2020,66A,MALE,1
21005205,M,1,100,10/19/2021,8A,MALE,1
20008520,M,123,100,10/16/2020,8A,MALE,1
